<<<<<<< HEAD
# %W%
=======
# <pre>
# This file is in the public domain, so clarified as of
# 2009-05-17 by Arthur David Olson.
>>>>>>> Switch from SCCS to git.

# This file provides links between late-1993-vintage names for time zones
# and their previous names.

Link	Africa/Cairo		Egypt
Link	Africa/Tripoli		Libya
Link	America/Anchorage	US/Alaska
Link	America/Atka		US/Aleutian
Link	America/Chicago		US/Central
Link	America/Denver		US/Mountain
Link	America/Detroit		US/Michigan
Link	America/Edmonton	Canada/Mountain
Link	America/Fort_Wayne	US/East-Indiana
Link	America/Halifax		Canada/Atlantic
Link	America/Havana		Cuba
Link	America/Jamaica		Jamaica
Link	America/Knox_IN		US/Indiana-Starke
Link	America/Los_Angeles	US/Pacific
Link	America/Manaus		Brazil/West
Link	America/Mazatlan	Mexico/BajaSur
Link	America/Mexico_City	Mexico/General
Link	America/Montreal	Canada/Eastern
Link	America/New_York	US/Eastern
Link	America/Noronha		Brazil/DeNoronha
Link	America/Phoenix		US/Arizona
Link	America/Porto_Acre	Brazil/Acre
Link	America/Regina		Canada/East-Saskatchewan
Link	America/Regina		Canada/Saskatchewan
Link	America/Santiago	Chile/Continental
Link	America/Sao_Paulo	Brazil/East
Link	America/St_Johns	Canada/Newfoundland
Link	America/Tijuana		Mexico/BajaNorte
Link	America/Vancouver	Canada/Pacific
Link	America/Whitehorse	Canada/Yukon
Link	America/Winnipeg	Canada/Central
Link	Asia/Hong_Kong		Hongkong
Link	Asia/Seoul		ROK
Link	Asia/Shanghai		PRC
Link	Asia/Singapore		Singapore
Link	Asia/Taipei		ROC
Link	Asia/Tehran		Iran
Link	Asia/Tel_Aviv		Israel
Link	Asia/Tokyo		Japan
Link	Atlantic/Reykjavik	Iceland
Link	Australia/Adelaide	Australia/South
Link	Australia/Brisbane	Australia/Queensland
Link	Australia/Broken_Hill	Australia/Yancowinna
Link	Australia/Darwin	Australia/North
Link	Australia/Hobart	Australia/Tasmania
Link	Australia/Lord_Howe	Australia/LHI
Link	Australia/Melbourne	Australia/Victoria
Link	Australia/Perth		Australia/West
Link	Australia/Sydney	Australia/ACT
Link	Australia/Sydney	Australia/NSW
Link	Europe/Dublins		Eire
Link	Europe/London		GB
Link	Pacific/Auckland	NZ
Link	Pacific/Chatham		NZ-CHAT
Link	Pacific/Easter		Chile/EasterIsland
Link	Pacific/Honolulu	US/Hawaii
Link	Pacific/Samoa		US/Samoa
